url,title
,
,
,
,
https://post.craigslist.org/c/phi,post
https://accounts.craigslist.org/login/home,account
,
,
,
,
,
,
,
,
,
,
,
,
,
,
,
,
,
,
,
,
,
,
,
,
,
,
,
,
,
,
,
,
,
,
,
,
,
,
,
,
,
,
,
,
,
,
,
,
,
,
,
,
,
,
,
,
,
,
,
,
,
,
,
,
,
,
,
,
,
,
,
,
,
,
,
,
,
,
,
,
,
,
,
,
,
/search/sof?sort=date,newest 
https://philadelphia.craigslist.org/sof/d/database-manager-in-upenn/6382709868.html,
https://philadelphia.craigslist.org/sof/d/python-developer-multiple/6381178553.html,
https://philadelphia.craigslist.org/sof/d/car-broker/6378259182.html,"
        "
https://philadelphia.craigslist.org/sof/d/jr-software-performance-test/6377590868.html,"
        "
https://philadelphia.craigslist.org/sof/d/sr-scrum-master-scrum-coach/6377232573.html,"
        "
https://philadelphia.craigslist.org/sof/d/ba-qabusiness-analyst-quality/6375752789.html,"
        "
https://philadelphia.craigslist.org/sof/d/programmer-analyst/6372126503.html,"
        "
https://philadelphia.craigslist.org/sof/d/developer-tech-support-upward/6368264228.html,
https://philadelphia.craigslist.org/sof/d/ba-qabusiness-analyst-quality/6367361847.html,"
        "
https://philadelphia.craigslist.org/sof/d/software-development/6367263537.html,
https://philadelphia.craigslist.org/sof/d/software-developers-net/6367054317.html,
https://philadelphia.craigslist.org/sof/d/marketing-programing-growth/6364058557.html,
https://philadelphia.craigslist.org/sof/d/senior-parking-revenue/6363079183.html,
https://philadelphia.craigslist.org/sof/d/software-developer/6358876550.html,
https://philadelphia.craigslist.org/sof/d/experienced-developer/6358017561.html,
https://philadelphia.craigslist.org/sof/d/it-point-of-sale-specialist/6352910525.html,"
        "
https://philadelphia.craigslist.org/sof/d/inclusion-hack-curated/6347309699.html,"
        "
https://philadelphia.craigslist.org/sof/d/gis-application-developer/6346095662.html,
https://philadelphia.craigslist.org/sof/d/front-end-engineer-angularjs/6344922944.html,
https://philadelphia.craigslist.org/sof/d/wearable-tech-developer/6344755010.html,"
        "
https://southjersey.craigslist.org/sof/d/looking-for-software-engineers/6376134614.html,
https://southjersey.craigslist.org/sof/d/net-developer-position/6349635991.html,
https://cnj.craigslist.org/sof/d/logistics-software-programmer/6380394053.html,
https://cnj.craigslist.org/sof/d/java-developers/6379992010.html,
https://cnj.craigslist.org/sof/d/java-architect/6379909241.html,
https://cnj.craigslist.org/sof/d/java-developer/6377892988.html,
https://cnj.craigslist.org/sof/d/experienced-java-developer/6377884507.html,
https://cnj.craigslist.org/sof/d/customer-success-manager/6376038091.html,"
        "
https://cnj.craigslist.org/sof/d/ba-qabusiness-analyst-quality/6375716036.html,"
        "
https://cnj.craigslist.org/sof/d/ba-qabusiness-analyst-quality/6366818186.html,"
        "
https://cnj.craigslist.org/sof/d/project-manager-accounts/6359004386.html,
https://cnj.craigslist.org/sof/d/customer-support-technician/6354709468.html,
https://cnj.craigslist.org/sof/d/core-java-developer/6353774488.html,
https://cnj.craigslist.org/sof/d/mechanic-packaging-equipment/6352674903.html,
https://cnj.craigslist.org/sof/d/senior-java-developer-corp-to/6352532091.html,
https://allentown.craigslist.org/sof/d/programming-position-time-to/6368287795.html,
https://allentown.craigslist.org/sof/d/software-development-team/6357472532.html,
https://allentown.craigslist.org/sof/d/software-qa-tester/6357463017.html,
https://allentown.craigslist.org/sof/d/support-developer-key/6355673231.html,
https://allentown.craigslist.org/sof/d/senior-systems-engineer/6355670104.html,
https://allentown.craigslist.org/sof/d/functionality-coordinator/6355664416.html,
https://allentown.craigslist.org/sof/d/document-data-management/6355661914.html,
https://allentown.craigslist.org/sof/d/data-analyst-software-support/6350772572.html,
https://allentown.craigslist.org/sof/d/senior-systems-engineer/6350761285.html,
https://allentown.craigslist.org/sof/d/junior-developer/6350760531.html,
https://allentown.craigslist.org/sof/d/help-desk-specialist/6350758646.html,
https://allentown.craigslist.org/sof/d/tier-3-support-specialist/6350756375.html,
https://reading.craigslist.org/sof/d/oracle-database-administrator/6370675157.html,
https://lancaster.craigslist.org/sof/d/secratary-maid-combo/6374439301.html,
https://lancaster.craigslist.org/sof/d/bi-specialist/6371102579.html,
https://lancaster.craigslist.org/sof/d/bi-analyst-developer-full/6371091589.html,
https://lancaster.craigslist.org/sof/d/id-technical-operations-manger/6363317104.html,
,
https://www.craigslist.org/about/help/,help
https://www.craigslist.org/about/scams,safety
https://www.craigslist.org/about/privacy.policy,privacy
https://forums.craigslist.org/?forumID=8,feedback
https://www.craigslist.org/about/craigslist_is_hiring,cl jobs
//www.craigslist.org/about/terms.of.use.en,terms
https://www.craigslist.org/about/,about
,
,
